#	Level-id	Task	Type	Position	Category	Block	Set	Item	trial-id	Stimulus	Target	Foil1	Foil2	Foil3	root	Foilword1	Foilword2	Foilword3
1	2	2	unscramble			1		0	201000	hop								
2	2	2	change	final		1		1	201001	hog	g	m	b	t	ho	hom	hob	hot
3	2	2	change	final		1		2	201002	hot	t	g	m	b	ho	hog	hom	hob
4	2	2	change	initial		1		3	201003	got	g	t	m	s	ot	tot	mot	sot
5	2	2	change	medial		1		4	201004	get	e	o	u	i	g_t	got	gut	git
6	2	2	change	initial		1		5	201005	wet	w	b	k	n	et	bet	ket	net
7	2	2	change	initial		1		6	201006	net	n	b	k	w	et	bet	ket	wet
8	2	2	change	initial		1		7	201007	let	l	p	h	j	et	pet	het	jet
9	2	2	change	final		1		8	201008	led	d	n	p	g	le	len	lep	leg
10	2	2	change	initial		1		9	201009	red	r	d	c	f	ed	ded	ced	fed
11	2	2	change	initial		1		10	201010	wed	w	b	k	n	ed	bed	ked	ned
12	2	2	unscramble			2		0	202000	ten								
13	2	2	change	medial		2		1	202001	tan	a	i	u	e	t_n	tin	tun	ten
14	2	2	change	final		2		2	202002	tag	g	m	b	t	ta	tam	tab	tat
15	2	2	change	initial		2		3	202003	bag	b	k	n	w	ag	kag	nag	wag
16	2	2	change	medial		2		4	202004	big	i	a	u	e	b_g	bag	bug	beg
17	2	2	change	initial		2		5	202005	pig	p	l	h	j	ig	lig	hig	jig
18	2	2	change	initial		2		6	202006	wig	w	b	k	n	ig	big	kig	nig
19	2	2	change	initial		2		7	202007	fig	f	d	c	r	ig	dig	cig	rig
20	2	2	change	final		2		8	202008	fin	n	d	p	g	fi	fid	fip	fig
21	2	2	change	medial		2		9	202009	fan	a	i	u	e	f_n	fin	fun	fen
22	2	2	change	initial		2		10	202010	pan	p	l	h	j	an	lan	han	jan
23	2	2	unscramble			3		0	203000	lot								
24	2	2	change	initial		3		1	203001	got	g	t	m	s	ot	tot	mot	sot
25	2	2	change	initial		3		2	203002	hot	h	p	l	j	ot	pot	lot	jot
26	2	2	change	final		3		3	203003	hop	p	d	n	g	ho	hod	hon	hog
27	2	2	change	medial		3		4	203004	hip	i	a	u	e	h_p	hap	hup	hep
28	2	2	change	final		3		5	203005	him	m	g	b	t	hi	hig	hib	hit
29	2	2	change	medial		3		6	203006	ham	a	i	u	e	h_m	him	hum	hem
30	2	2	change	initial		3		7	203007	jam	j	p	l	h	am	pam	lam	ham
31	2	2	change	final		3		8	203008	jab	b	g	m	t	ja	jag	jam	jat
32	2	2	change	final		3		9	203009	jag	g	m	b	t	ja	jam	jab	jat
33	2	2	change	medial		3		10	203010	jog	o	e	u	i	j_g	jeg	jug	jig
34	2	2	unscramble			4		0	204000	fin								
35	2	2	change	initial		4		1	204001	win	w	b	k	n	in	bin	kin	nin
36	2	2	change	initial		4		2	204002	bin	b	k	n	w	in	kin	nin	win
37	2	2	change	medial		4		3	204003	bun	u	a	i	e	b_n	ban	bin	ben
38	2	2	change	initial		4		4	204004	pun	p	l	h	j	un	lun	hun	jun
39	2	2	change	medial		4		5	204005	pen	e	o	u	i	p_n	pon	pun	pin
40	2	2	change	initial		4		6	204006	men	m	t	s	g	en	ten	sen	gen
41	2	2	change	final		4		7	204007	met	t	g	m	b	me	meg	mem	meb
42	2	2	change	initial		4		8	204008	jet	j	p	l	h	et	pet	let	het
43	2	2	change	medial		4		9	204009	jot	o	e	u	i	j_t	jet	jut	jit
44	2	2	change	final		4		10	204010	job	b	g	m	t	jo	jog	jom	jot
45	2	2	unscramble			5		0	205000	pen								
46	2	2	change	medial		5		1	205001	pan	a	i	u	e	p_n	pin	pun	pen
47	2	2	change	medial		5		2	205002	pun	u	a	i	e	p_n	pan	pin	pen
48	2	2	change	medial		5		3	205003	pin	i	a	u	e	p_n	pan	pun	pen
49	2	2	change	final		5		4	205004	pig	g	m	b	t	pi	pim	pib	pit
50	2	2	change	initial		5		5	205005	wig	w	b	k	n	ig	big	kig	nig
51	2	2	change	initial		5		6	205006	rig	r	d	c	f	ig	dig	cig	fig
52	2	2	change	initial		5		7	205007	fig	f	d	c	r	ig	dig	cig	rig
53	2	2	change	medial		5		8	205008	fog	o	e	u	i	f_g	feg	fug	fig
54	2	2	change	initial		5		9	205009	log	l	p	h	j	og	pog	hog	jog
55	2	2	change	initial		5		10	205010	jog	j	p	l	h	og	pog	log	hog
56	2	2	unscramble			6		0	206000	hat								
57	2	2	change	final		6		1	206001	had	d	n	p	g	ha	han	hap	hag
58	2	2	change	medial		6		2	206002	hid	i	a	u	e	h_d	had	hud	hed
59	2	2	change	initial		6		3	206003	did	d	c	r	f	id	cid	rid	fid
60	2	2	change	medial		6		4	206004	dad	a	i	u	e	d_d	did	dud	ded
61	2	2	change	initial		6		5	206005	bad	b	k	n	w	ad	kad	nad	wad
62	2	2	change	medial		6		6	206006	bed	e	o	u	i	b_d	bod	bud	bid
63	2	2	change	final		6		7	206007	bet	t	g	m	b	be	beg	bem	beb
64	2	2	change	medial		6		8	206008	but	u	a	i	e	b_t	bat	bit	bet
65	2	2	change	initial		6		9	206009	gut	g	t	m	s	ut	tut	mut	sut
66	2	2	change	final		6		10	206010	gum	m	g	b	t	gu	gug	gub	gut
67	2	2	unscramble			7		0	207000	bib								
68	2	2	change	final		7		1	207001	big	g	m	b	t	bi	bim	bib	bit
69	2	2	change	initial		7		2	207002	rig	r	d	c	f	ig	dig	cig	fig
70	2	2	change	medial		7		3	207003	rag	a	i	u	e	r_g	rig	rug	reg
71	2	2	change	final		7		4	207004	rat	t	g	m	b	ra	rag	ram	rab
72	2	2	change	initial		7		5	207005	fat	f	d	c	r	at	dat	cat	rat
73	2	2	change	medial		7		6	207006	fit	i	a	u	e	f_t	fat	fut	fet
74	2	2	change	initial		7		7	207007	pit	p	l	h	j	it	lit	hit	jit
75	2	2	change	final		7		8	207008	pig	g	m	b	t	pi	pim	pib	pit
76	2	2	change	medial		7		9	207009	peg	e	o	u	i	p_g	pog	pug	pig
77	2	2	change	initial		7		10	207010	keg	k	b	n	w	eg	beg	neg	weg
78	2	2	unscramble			8		0	208000	mop								
79	2	2	change	initial		8		1	208001	top	t	m	s	g	op	mop	sop	gop
80	2	2	change	initial		8		2	208002	cop	c	d	r	f	op	dop	rop	fop
81	2	2	change	initial		8		3	208003	hop	h	p	l	j	op	pop	lop	jop
82	2	2	change	initial		8		4	208004	pop	p	l	h	j	op	lop	hop	jop
83	2	2	change	final		8		5	208005	pot	t	g	m	b	po	pog	pom	pob
84	2	2	change	initial		8		6	208006	got	g	t	m	s	ot	tot	mot	sot
85	2	2	change	initial		8		7	208007	dot	d	c	r	f	ot	cot	rot	fot
86	2	2	change	final		8		8	208008	dog	g	m	b	t	do	dom	dob	dot
87	2	2	change	medial		8		9	208009	dug	u	a	i	e	d_g	dag	dig	deg
88	2	2	change	initial		8		10	208010	hug	h	p	l	j	ug	pug	lug	jug
89	2	2	unscramble			9		0	209000	nut								
90	2	2	change	medial		9		1	209001	not	o	e	u	i	n_t	net	nut	nit
91	2	2	change	initial		9		2	209002	rot	r	d	c	f	ot	dot	cot	fot
92	2	2	change	medial		9		3	209003	rat	a	i	u	e	r_t	rit	rut	ret
93	2	2	change	final		9		4	209004	ran	n	d	p	g	ra	rad	rap	rag
94	2	2	change	final		9		5	209005	ram	m	g	b	t	ra	rag	rab	rat
95	2	2	change	initial		9		6	209006	jam	j	p	l	h	am	pam	lam	ham
96	2	2	change	initial		9		7	209007	ham	h	p	l	j	am	pam	lam	jam
97	2	2	change	medial		9		8	209008	him	i	a	u	e	h_m	ham	hum	hem
98	2	2	change	initial		9		9	209009	dim	d	c	r	f	im	cim	rim	fim
99	2	2	change	final		9		10	209010	dip	p	d	n	g	di	did	din	dig
100	2	2	unscramble			10		0	210000	cat								
101	2	2	change	final		10		1	210001	cab	b	g	m	t	ca	cag	cam	cat
102	2	2	change	medial		10		2	210002	cub	u	a	i	e	c_b	cab	cib	ceb
103	2	2	change	initial		10		3	210003	tub	t	m	s	g	ub	mub	sub	gub
104	2	2	change	final		10		4	210004	tug	g	m	b	t	tu	tum	tub	tut
105	2	2	change	initial		10		5	210005	hug	h	p	l	j	ug	pug	lug	jug
106	2	2	change	final		10		6	210006	hum	m	g	b	t	hu	hug	hub	hut
107	2	2	change	initial		10		7	210007	sum	s	t	m	g	um	tum	mum	gum
108	2	2	change	final		10		8	210008	sun	n	d	p	g	su	sud	sup	sug
109	2	2	change	final		10		9	210009	sub	b	g	m	t	su	sug	sum	sut
110	2	2	change	initial		10		10	210010	rub	r	d	c	f	ub	dub	cub	fub
111	2	2	unscramble			11		0	211000	jug								
112	2	2	change	medial		11		1	211001	jog	o	e	u	i	j_g	jeg	jug	jig
113	2	2	change	medial		11		2	211002	jig	i	a	u	e	j_g	jag	jug	jeg
114	2	2	change	initial		11		3	211003	wig	w	b	k	n	ig	big	kig	nig
115	2	2	change	medial		11		4	211004	wag	a	i	u	e	w_g	wig	wug	weg
116	2	2	change	initial		11		5	211005	jag	j	p	l	h	ag	pag	lag	hag
117	2	2	change	initial		11		6	211006	nag	n	b	k	w	ag	bag	kag	wag
118	2	2	change	final		11		7	211007	nap	p	d	n	g	na	nad	nan	nag
119	2	2	change	initial		11		8	211008	cap	c	d	r	f	ap	dap	rap	fap
120	2	2	change	initial		11		9	211009	rap	r	d	c	f	ap	dap	cap	fap
121	2	2	change	initial		11		10	211010	nap	n	b	k	w	ap	bap	kap	wap
122	2	2	unscramble			12		0	212000	rat								
123	2	2	change	initial		12		1	212001	cat	c	d	r	f	at	dat	rat	fat
124	2	2	change	medial		12		2	212002	cot	o	e	u	i	c_t	cet	cut	cit
125	2	2	change	medial		12		3	212003	cut	u	a	i	e	c_t	cat	cit	cet
126	2	2	change	initial		12		4	212004	gut	g	t	m	s	ut	tut	mut	sut
127	2	2	change	final		12		5	212005	gum	m	g	b	t	gu	gug	gub	gut
128	2	2	change	initial		12		6	212006	sum	s	t	m	g	um	tum	mum	gum
129	2	2	change	final		12		7	212007	sub	b	g	m	t	su	sug	sum	sut
130	2	2	change	medial		12		8	212008	sob	o	e	u	i	s_b	seb	sub	sib
131	2	2	change	initial		12		9	212009	job	j	p	l	h	ob	pob	lob	hob
132	2	2	change	medial		12		10	212010	jab	a	i	u	e	j_b	jib	jub	jeb
133	2	2	unscramble			13		0	213000	not								
134	2	2	change	initial		13		1	213001	dot	d	c	r	f	ot	cot	rot	fot
135	2	2	change	initial		13		2	213002	cot	c	d	r	f	ot	dot	rot	fot
136	2	2	change	medial		13		3	213003	cat	a	i	u	e	c_t	cit	cut	cet
137	2	2	change	initial		13		4	213004	fat	f	d	c	r	at	dat	cat	rat
138	2	2	change	final		13		5	213005	fan	n	d	p	t	fa	fad	fap	fat
139	2	2	change	initial		13		6	213006	man	m	t	s	g	an	tan	san	gan
140	2	2	change	medial		13		7	213007	men	e	o	u	i	m_n	mon	mun	min
141	2	2	change	initial		13		8	213008	den	d	c	r	f	en	cen	ren	fen
142	2	2	change	initial		13		9	213009	hen	h	p	l	j	en	pen	len	jen
143	2	2	change	final		13		10	213010	hem	m	g	b	t	he	heg	heb	het
144	2	2	unscramble			14		0	214000	hug								
145	2	2	change	initial		14		1	214001	mug	m	t	s	g	ug	tug	sug	gug
146	2	2	change	final		14		2	214002	mud	d	n	p	g	mu	mun	mup	mug
147	2	2	change	medial		14		3	214003	mad	a	i	u	e	m_d	mid	mud	med
148	2	2	change	initial		14		4	214004	had	h	p	l	j	ad	pad	lad	jad
149	2	2	change	medial		14		5	214005	hid	i	a	u	e	h_d	had	hud	hed
150	2	2	change	initial		14		6	214006	kid	k	b	n	w	id	bid	nid	wid
151	2	2	change	final		14		7	214007	kit	t	g	m	b	ki	kig	kim	kib
152	2	2	change	initial		14		8	214008	sit	s	b	m	g	it	bit	mit	git
153	2	2	change	medial		14		9	214009	sat	a	i	u	e	s_t	sit	sut	set
154	2	2	change	initial		14		10	214010	mat	m	t	s	g	at	tat	sat	gat
155	2	2	unscramble			15		0	215000	rug								
156	2	2	change	initial		15		1	215001	jug	j	p	l	h	ug	pug	lug	hug
157	2	2	change	initial		15		2	215002	hug	h	p	l	j	ug	pug	lug	jug
158	2	2	change	final		15		3	215003	hum	m	g	b	t	hu	hug	hub	hut
159	2	2	change	medial		15		4	215004	him	i	a	u	e	h_m	ham	hum	hem
160	2	2	change	initial		15		5	215005	dim	d	c	r	f	im	cim	rim	fim
161	2	2	change	initial		15		6	215006	rim	r	d	c	f	im	dim	cim	fim
162	2	2	change	final		15		7	215007	rip	p	d	n	g	ri	rid	rin	rig
163	2	2	change	initial		15		8	215008	hip	h	p	l	j	ip	pip	lip	jip
164	2	2	change	medial		15		9	215009	hop	o	e	u	i	h_p	hep	hup	hip
165	2	2	change	initial		15		10	215010	cop	c	d	r	f	op	dop	rop	fop
166	2	2	unscramble			16		0	216000	him								
167	2	2	change	initial		16		1	216001	rim	r	d	c	f	im	dim	cim	fim
168	2	2	change	medial		16		2	216002	ram	a	i	u	e	r_m	rim	rum	rem
169	2	2	change	initial		16		3	216003	jam	j	p	l	h	am	pam	lam	ham
170	2	2	change	final		16		4	216004	jab	b	g	m	t	ja	jag	jam	jat
171	2	2	change	initial		16		5	216005	tab	t	m	s	g	ab	mab	sab	gab
172	2	2	change	initial		16		6	216006	cab	c	d	r	f	ab	dab	rab	fab
173	2	2	change	medial		16		7	216007	cub	u	a	i	e	c_b	cab	cib	ceb
174	2	2	change	final		16		8	216008	cut	t	g	l	b	cu	cug	cul	cub
175	2	2	change	initial		16		9	216009	but	b	k	n	w	ut	kut	nut	wut
176	2	2	change	initial		16		10	216010	nut	n	b	k	w	ut	but	kut	wut
177	2	2	unscramble			17		0	217000	rag								
178	2	2	change	final		17		1	217001	rat	t	g	m	b	ra	rag	ram	rab
179	2	2	change	final		17		2	217002	ram	m	g	b	t	ra	rag	rab	rat
180	2	2	change	final		17		3	217003	ran	n	d	p	g	ra	rad	rap	rag
181	2	2	change	medial		17		4	217004	run	u	a	i	e	r_n	ran	rin	ren
182	2	2	change	initial		17		5	217005	sun	s	t	m	b	un	tun	mun	bun
183	2	2	change	initial		17		6	217006	fun	f	d	c	r	un	dun	cun	run
184	2	2	change	medial		17		7	217007	fin	i	a	u	e	f_n	fan	fun	fen
185	2	2	change	initial		17		8	217008	bin	b	k	n	w	in	kin	nin	win
186	2	2	change	initial		17		9	217009	kin	k	b	n	w	in	bin	nin	win
187	2	2	change	final		17		10	217010	kid	d	n	p	g	ki	kin	kip	kig
188	2	2	unscramble			18		0	218000	wig								
189	2	2	change	initial		18		1	218001	fig	f	d	c	r	ig	dig	cig	rig
190	2	2	change	initial		18		2	218002	big	b	k	n	w	ig	kig	nig	wig
191	2	2	change	medial		18		3	218003	beg	e	o	u	i	b_g	bog	bug	big
192	2	2	change	final		18		4	218004	bet	t	g	m	b	be	beg	bem	beb
193	2	2	change	final		18		5	218005	bed	d	n	p	g	be	ben	bep	beg
194	2	2	change	medial		18		6	218006	bad	a	i	u	e	b_d	bid	bud	bed
195	2	2	change	initial		18		7	218007	had	h	p	l	j	ad	pad	lad	jad
196	2	2	change	initial		18		8	218008	lad	l	p	h	j	ad	pad	had	jad
197	2	2	change	initial		18		9	218009	sad	s	t	m	g	ad	tad	mad	gad
198	2	2	change	initial		18		10	218010	mad	m	t	s	g	ad	tad	sad	gad
199	2	2	unscramble			19		0	219000	lid								
200	2	2	change	medial		19		1	219001	led	e	o	u	i	l_d	lod	lud	lid
201	2	2	change	medial		19		2	219002	lad	a	i	u	e	l_d	lid	lud	led
202	2	2	change	initial		19		3	219003	fad	f	d	c	r	ad	dad	cad	rad
203	2	2	change	final		19		4	219004	fan	n	d	p	s	fa	fad	fap	fas
204	2	2	change	initial		19		5	219005	tan	t	m	s	g	an	man	san	gan
205	2	2	change	final		19		6	219006	tap	p	d	n	g	ta	tad	tan	tag
206	2	2	change	final		19		7	219007	tab	b	g	m	t	ta	tag	tam	tat
207	2	2	change	initial		19		8	219008	lab	l	p	h	j	ab	pab	hab	jab
208	2	2	change	initial		19		9	219009	cab	c	d	r	f	ab	dab	rab	fab
209	2	2	change	medial		19		10	219010	cub	u	a	i	e	c_b	cab	cib	ceb
210	2	2	unscramble			20		0	220000	web								
211	2	2	change	final		20		1	220001	wed	d	n	p	g	we	wen	wep	weg
212	2	2	change	final		20		2	220002	wet	t	g	m	b	we	weg	wem	web
213	2	2	change	medial		20		3	220003	wit	i	a	u	e	w_t	wat	wut	wet
214	2	2	change	final		20		4	220004	win	n	d	p	g	wi	wid	wip	wig
215	2	2	change	initial		20		5	220005	kin	k	b	n	w	in	bin	nin	win
216	2	2	change	final		20		6	220006	kid	d	n	p	g	ki	kin	kip	kig
217	2	2	change	final		20		7	220007	kit	t	g	m	b	ki	kig	kim	kib
218	2	2	change	initial		20		8	220008	wit	w	b	k	n	it	bit	kit	nit
219	2	2	change	initial		20		9	220009	hit	h	p	l	j	it	pit	lit	jit
220	2	2	change	final		20		10	220010	him	m	g	b	t	hi	hig	hib	hit
221	2	2	unscramble			21		0	221000	fun								
222	2	2	change	medial		21		1	221001	fin	i	a	u	e	f_n	fan	fun	fen
223	2	2	change	medial		21		2	221002	fan	a	i	u	e	f_n	fin	fun	fen
224	2	2	change	initial		21		3	221003	man	m	t	s	g	an	tan	san	gan
225	2	2	change	final		21		4	221004	mad	d	n	p	g	ma	man	map	mag
226	2	2	change	medial		21		5	221005	mud	u	a	i	e	m_d	mad	mid	med
227	2	2	change	initial		21		6	221006	bud	b	k	n	w	ud	kud	nud	wud
228	2	2	change	medial		21		7	221007	bed	e	o	u	i	b_d	bod	bud	bid
229	2	2	change	initial		21		8	221008	wed	w	b	k	n	ed	bed	ked	ned
230	2	2	change	initial		21		9	221009	led	l	p	h	j	ed	ped	hed	jed
231	2	2	change	initial		21		10	221010	fed	f	d	c	r	ed	ded	ced	red
232	2	2	unscramble			22		0	222000	jot								
233	2	2	change	final		22		1	222001	job	b	g	m	t	jo	jog	jom	jot
234	2	2	change	initial		22		2	222002	sob	s	t	m	g	ob	tob	mob	gob
235	2	2	change	medial		22		3	222003	sub	u	a	i	e	s_b	sab	sib	seb
236	2	2	change	initial		22		4	222004	tub	t	m	s	g	ub	mub	sub	gub
237	2	2	change	final		22		5	222005	tug	g	m	b	t	tu	tum	tub	tut
238	2	2	change	medial		22		6	222006	tag	a	i	u	e	t_g	tig	tug	teg
239	2	2	change	final		22		7	222007	tab	b	g	m	t	ta	tag	tam	tat
240	2	2	change	final		22		8	222008	tap	p	d	n	g	ta	tad	tan	tag
241	2	2	change	final		22		9	222009	tan	n	d	p	g	ta	tad	tap	tag
242	2	2	change	initial		22		10	222010	ban	b	k	n	w	an	kan	nan	wan
243	2	2	unscramble			23		0	223000	jag								
244	2	2	change	medial		23		1	223001	jog	o	e	u	i	j_g	jeg	jug	jig
245	2	2	change	final		23		2	223002	job	b	g	m	t	jo	jog	jom	jot
246	2	2	change	final		23		3	223003	jot	t	g	m	b	jo	jog	jom	job
247	2	2	change	initial		23		4	223004	rot	r	d	c	f	ot	dot	cot	fot
248	2	2	change	initial		23		5	223005	not	n	b	k	w	ot	bot	kot	wot
249	2	2	change	medial		23		6	223006	net	e	o	u	i	n_t	not	nut	nit
250	2	2	change	medial		23		7	223007	nut	u	a	i	e	n_t	nat	nit	net
251	2	2	change	initial		23		8	223008	gut	g	t	m	s	ut	tut	mut	sut
252	2	2	change	initial		23		9	223009	but	b	k	n	w	ut	kut	nut	wut
253	2	2	change	final		23		10	223010	bun	n	d	p	g	bu	bud	bup	bug
254	2	2	unscramble			24		0	224000	set								
255	2	2	change	initial		24		1	224001	get	g	t	m	s	et	tet	met	set
256	2	2	change	initial		24		2	224002	pet	p	l	h	j	et	let	het	jet
257	2	2	change	final		24		3	224003	pen	n	d	p	g	pe	ped	pep	peg
258	2	2	change	medial		24		4	224004	pin	i	a	u	e	p_n	pan	pun	pen
259	2	2	change	initial		24		5	224005	win	w	b	k	n	in	bin	kin	nin
260	2	2	change	initial		24		6	224006	kin	k	b	n	w	in	bin	nin	win
261	2	2	change	final		24		7	224007	kid	d	n	p	g	ki	kin	kip	kig
262	2	2	change	initial		24		8	224008	lid	l	p	h	j	id	pid	hid	jid
263	2	2	change	initial		24		9	224009	did	d	c	r	f	id	cid	rid	fid
264	2	2	change	medial		24		10	224010	dad	a	i	u	e	d_d	did	dud	ded
265	2	2	unscramble			25		0	225000	cot								
266	2	2	change	initial		25		1	225001	dot	d	c	r	f	ot	cot	rot	fot
267	2	2	change	initial		25		2	225002	pot	p	l	h	j	ot	lot	hot	jot
268	2	2	change	initial		25		3	225003	jot	j	p	l	h	ot	pot	lot	hot
269	2	2	change	initial		25		4	225004	dot	d	c	r	f	ot	cot	rot	fot
270	2	2	change	initial		25		5	225005	got	g	t	m	s	ot	tot	mot	sot
271	2	2	change	medial		25		6	225006	get	e	o	u	i	g_t	got	gut	git
272	2	2	change	medial		25		7	225007	gut	u	a	i	e	g_t	gat	git	get
273	2	2	change	initial		25		8	225008	cut	c	d	r	f	ut	dut	rut	fut
274	2	2	change	final		25		9	225009	cup	p	d	n	g	cu	cud	cun	cug
275	2	2	change	final		25		10	225010	cub	b	g	p	t	cu	cug	cup	cut
276	2	2	unscramble			26		0	226000	red								
277	2	2	change	initial		26		1	226001	fed	f	d	c	r	ed	ded	ced	red
278	2	2	change	medial		26		2	226002	fad	a	i	u	e	f_d	fid	fud	fed
279	2	2	change	initial		26		3	226003	had	h	p	l	j	ad	pad	lad	jad
280	2	2	change	initial		26		4	226004	dad	d	c	r	f	ad	cad	rad	fad
281	2	2	change	initial		26		5	226005	bad	b	k	n	w	ad	kad	nad	wad
282	2	2	change	initial		26		6	226006	sad	s	t	m	g	ad	tad	mad	gad
283	2	2	change	final		26		7	226007	sat	t	g	m	b	sa	sag	sam	sab
284	2	2	change	medial		26		8	226008	sit	i	a	u	e	s_t	sat	sut	set
285	2	2	change	final		26		9	226009	sip	p	d	n	g	si	sid	sin	sig
286	2	2	change	initial		26		10	226010	lip	l	p	h	j	ip	pip	hip	jip
287	2	2	unscramble			27		0	227000	tap								
288	2	2	change	initial		27		1	227001	nap	n	b	k	w	ap	bap	kap	wap
289	2	2	change	initial		27		2	227002	cap	c	d	r	f	ap	dap	rap	fap
290	2	2	change	medial		27		3	227003	cop	o	e	u	i	c_p	cep	cup	cip
291	2	2	change	initial		27		4	227004	mop	m	t	s	g	op	top	sop	gop
292	2	2	change	final		27		5	227005	mom	m	g	b	t	mo	mog	mob	mot
293	2	2	change	medial		27		6	227006	mum	u	a	i	e	m_m	mam	mim	mem
294	2	2	change	initial		27		7	227007	gum	g	t	m	s	um	tum	mum	sum
295	2	2	change	initial		27		8	227008	sum	s	t	m	g	um	tum	mum	gum
296	2	2	change	initial		27		9	227009	hum	h	p	l	j	um	pum	lum	jum
297	2	2	change	final		27		10	227010	hug	g	m	b	t	hu	hum	hub	hut
298	2	2	unscramble			28		0	228000	tip								
299	2	2	change	initial		28		1	228001	sip	s	t	m	g	ip	tip	mip	gip
300	2	2	change	final		28		2	228002	sit	t	g	m	b	si	sig	sim	sib
301	2	2	change	initial		28		3	228003	kit	k	b	n	w	it	bit	nit	wit
302	2	2	change	initial		28		4	228004	pit	p	l	h	j	it	lit	hit	jit
303	2	2	change	initial		28		5	228005	wit	w	b	k	n	it	bit	kit	nit
304	2	2	change	medial		28		6	228006	wet	e	o	u	i	w_t	wot	wut	wit
305	2	2	change	initial		28		7	228007	net	n	b	k	w	et	bet	ket	wet
306	2	2	change	initial		28		8	228008	met	m	t	s	g	et	tet	set	get
307	2	2	change	final		28		9	228009	men	n	d	p	g	me	med	mep	meg
308	2	2	change	medial		28		10	228010	man	a	i	u	e	m_n	min	mun	men
309	2	2	unscramble			29		0	229000	bin								
310	2	2	change	final		29		1	229001	bid	d	n	p	g	bi	bin	bip	big
311	2	2	change	final		29		2	229002	bib	b	g	m	t	bi	big	bim	bit
312	2	2	change	final		29		3	229003	bit	t	g	m	b	bi	big	bim	bib
313	2	2	change	initial		29		4	229004	kit	k	b	n	w	it	bit	nit	wit
314	2	2	change	final		29		5	229005	kid	d	n	p	g	ki	kin	kip	kig
315	2	2	change	final		29		6	229006	kin	n	d	p	g	ki	kid	kip	kig
316	2	2	change	initial		29		7	229007	win	w	b	k	n	in	bin	kin	nin
317	2	2	change	initial		29		8	229008	tin	t	m	s	g	in	min	sin	gin
318	2	2	change	medial		29		9	229009	ten	e	o	u	i	t_n	ton	tun	tin
319	2	2	change	initial		29		10	229010	pen	p	l	h	j	en	len	hen	jen
320	2	2	unscramble			30		0	230000	bat								
321	2	2	change	initial		30		1	230001	fat	f	d	c	r	at	dat	cat	rat
322	2	2	change	final		30		2	230002	fan	n	d	p	c	fa	fad	fap	fac
323	2	2	change	initial		30		3	230003	can	c	d	r	f	an	dan	ran	fan
324	2	2	change	initial		30		4	230004	tan	t	m	s	g	an	man	san	gan
325	2	2	change	final		30		5	230005	tap	p	d	n	g	ta	tad	tan	tag
326	2	2	change	medial		30		6	230006	top	o	e	u	i	t_p	tep	tup	tip
327	2	2	change	initial		30		7	230007	cop	c	d	r	f	op	dop	rop	fop
328	2	2	change	initial		30		8	230008	pop	p	l	h	j	op	lop	hop	jop
329	2	2	change	initial		30		9	230009	mop	m	t	s	g	op	top	sop	gop
330	2	2	change	medial		30		10	230010	map	a	i	u	e	m_p	mip	mup	mep
331	2	2	unscramble			31		0	231000	did								
332	2	2	change	initial		31		1	231001	kid	k	b	n	w	id	bid	nid	wid
333	2	2	change	initial		31		2	231002	lid	l	p	h	j	id	pid	hid	jid
334	2	2	change	final		31		3	231003	lip	p	d	n	g	li	lid	lin	lig
335	2	2	change	initial		31		4	231004	sip	s	t	m	g	ip	tip	mip	gip
336	2	2	change	initial		31		5	231005	dip	d	c	r	f	ip	cip	rip	fip
337	2	2	change	initial		31		6	231006	tip	t	m	s	g	ip	mip	sip	gip
338	2	2	change	medial		31		7	231007	tap	a	e	u	i	t_p	tep	tup	tip
339	2	2	change	initial		31		8	231008	nap	n	b	k	w	ap	bap	kap	wap
340	2	2	change	initial		31		9	231009	cap	c	b	n	w	ap	bap	nap	wap
341	2	2	change	medial		31		10	231010	cop	o	e	u	i	c_p	cep	cup	cip
342	2	2	unscramble			32		0	232000	hit								
343	2	2	change	initial		32		1	232001	sit	s	k	m	g	it	kit	mit	git
344	2	2	change	initial		32		2	232002	fit	f	d	c	r	it	dit	cit	rit
345	2	2	change	initial		32		3	232003	lit	l	p	h	j	it	pit	hit	jit
346	2	2	change	medial		32		4	232004	let	e	o	u	i	l_t	lot	lut	lit
347	2	2	change	initial		32		5	232005	net	n	b	k	w	et	bet	ket	wet
348	2	2	change	initial		32		6	232006	met	m	t	s	g	et	tet	set	get
349	2	2	change	final		32		7	232007	men	n	d	p	g	me	med	mep	meg
350	2	2	change	initial		32		8	232008	ten	t	m	s	g	en	men	sen	gen
351	2	2	change	medial		32		9	232009	tin	i	a	u	e	t_n	tan	tun	ten
352	2	2	change	final		32		10	232010	tip	p	d	n	g	ti	tid	tin	tig
353	2	2	unscramble			33		0	233000	top								
354	2	2	change	initial		33		1	233001	pop	p	l	h	j	op	lop	hop	jop
355	2	2	change	initial		33		2	233002	cop	c	d	r	f	op	dop	rop	fop
356	2	2	change	final		33		3	233003	cob	b	g	m	t	co	cog	com	cot
357	2	2	change	initial		33		4	233004	sob	s	t	m	g	ob	tob	mob	gob
358	2	2	change	initial		33		5	233005	job	j	p	l	h	ob	pob	lob	hob
359	2	2	change	medial		33		6	233006	jab	a	i	u	e	j_b	jib	jub	jeb
360	2	2	change	final		33		7	233007	jag	g	m	b	t	ja	jam	jab	jat
361	2	2	change	initial		33		8	233008	rag	r	d	c	p	ag	dag	cag	pag
362	2	2	change	medial		33		9	233009	rug	u	a	i	e	r_g	rag	rig	reg
363	2	2	change	initial		33		10	233010	jug	j	p	l	h	ug	pug	lug	hug
364	2	2	unscramble			34		0	234000	wit								
365	2	2	change	final		34		1	234001	win	n	d	p	g	wi	wid	wip	wig
366	2	2	change	initial		34		2	234002	fin	f	d	c	r	in	din	cin	rin
367	2	2	change	initial		34		3	234003	tin	t	m	s	g	in	min	sin	gin
368	2	2	change	initial		34		4	234004	bin	b	k	n	w	in	kin	nin	win
369	2	2	change	initial		34		5	234005	kin	k	b	n	w	in	bin	nin	win
370	2	2	change	initial		34		6	234006	pin	p	l	h	j	in	lin	hin	jin
371	2	2	change	medial		34		7	234007	pun	u	a	i	e	p_n	pan	pin	pen
372	2	2	change	medial		34		8	234008	pan	a	i	u	e	p_n	pin	pun	pen
373	2	2	change	final		34		9	234009	pat	t	g	m	b	pa	pag	pam	pab
374	2	2	change	initial		34		10	234010	rat	r	d	c	f	at	dat	cat	fat
375	2	2	unscramble			35		0	235000	lab								
376	2	2	change	initial		35		1	235001	gab	g	t	m	s	ab	tab	mab	sab
377	2	2	change	initial		35		2	235002	nab	n	b	k	w	ab	bab	kab	wab
378	2	2	change	final		35		3	235003	nap	p	d	n	g	na	nad	nan	nag
379	2	2	change	initial		35		4	235004	gap	g	t	m	s	ap	tap	map	sap
380	2	2	change	initial		35		5	235005	rap	r	d	c	f	ap	dap	cap	fap
381	2	2	change	final		35		6	235006	ran	n	d	p	g	ra	rad	rap	rag
382	2	2	change	initial		35		7	235007	man	m	t	s	g	an	tan	san	gan
383	2	2	change	medial		35		8	235008	men	e	o	u	i	m_n	mon	mun	min
384	2	2	change	initial		35		9	235009	ten	t	m	s	g	en	men	sen	gen
385	2	2	change	initial		35		10	235010	den	d	c	r	f	en	cen	ren	fen
386	2	2	unscramble			36		0	236000	hat								
387	2	2	change	initial		36		1	236001	rat	r	d	c	f	at	dat	cat	fat
388	2	2	change	initial		36		2	236002	mat	m	t	s	g	at	tat	sat	gat
389	2	2	change	final		36		3	236003	mad	d	n	p	g	ma	man	map	mag
390	2	2	change	initial		36		4	236004	dad	d	c	r	f	ad	cad	rad	fad
391	2	2	change	initial		36		5	236005	lad	l	p	h	j	ad	pad	had	jad
392	2	2	change	medial		36		6	236006	lid	i	a	u	e	l_d	lad	lud	led
393	2	2	change	initial		36		7	236007	bid	b	k	n	w	id	kid	nid	wid
394	2	2	change	medial		36		8	236008	bed	e	o	u	i	b_d	bod	bud	bid
395	2	2	change	initial		36		9	236009	wed	w	b	k	n	ed	bed	ked	ned
396	2	2	change	final		36		10	236010	web	b	g	m	t	we	weg	wem	wet
397	2	2	unscramble			37		0	237000	ram								
398	2	2	change	initial		37		1	237001	jam	j	p	l	h	am	pam	lam	ham
399	2	2	change	final		37		2	237002	jab	b	g	m	t	ja	jag	jam	jat
400	2	2	change	initial		37		3	237003	tab	t	m	s	g	ab	mab	sab	gab
401	2	2	change	final		37		4	237004	tap	p	d	n	g	ta	tad	tan	tag
402	2	2	change	medial		37		5	237005	top	o	e	u	i	t_p	tep	tup	tip
403	2	2	change	initial		37		6	237006	mop	m	t	s	g	op	top	sop	gop
404	2	2	change	medial		37		7	237007	map	a	i	u	e	m_p	mip	mup	mep
405	2	2	change	initial		37		8	237008	gap	g	t	m	s	ap	tap	map	sap
406	2	2	change	initial		37		9	237009	lap	l	p	h	t	ap	pap	hap	tap
407	2	2	change	medial		37		10	237010	lip	i	a	u	e	l_p	lap	lup	lep
408	2	2	unscramble			38		0	238000	wit								
409	2	2	change	initial		38		1	238001	kit	k	b	n	w	it	bit	nit	wit
410	2	2	change	final		38		2	238002	kid	d	n	p	g	ki	kin	kip	kig
411	2	2	change	initial		38		3	238003	did	d	c	r	f	id	cid	rid	fid
412	2	2	change	final		38		4	238004	dip	p	d	n	g	di	did	din	dig
413	2	2	change	final		38		5	238005	dim	m	g	b	t	di	dig	dib	dit
414	2	2	change	initial		38		6	238006	him	h	p	l	j	im	pim	lim	jim
415	2	2	change	medial		38		7	238007	hum	u	a	i	e	h_m	ham	him	hem
416	2	2	change	initial		38		8	238008	gum	g	t	m	s	um	tum	mum	sum
417	2	2	change	initial		38		9	238009	sum	s	t	m	g	um	tum	mum	gum
418	2	2	change	final		38		10	238010	sun	n	d	p	g	su	sud	sup	sug
419	2	2	unscramble			39		0	239000	rag								
420	2	2	change	final		39		1	239001	ram	m	g	b	t	ra	rag	rab	rat
421	2	2	change	initial		39		2	239002	jam	j	p	l	h	am	pam	lam	ham
422	2	2	change	final		39		3	239003	jab	b	g	m	t	ja	jag	jam	jat
423	2	2	change	medial		39		4	239004	job	o	e	u	i	j_b	jeb	jub	jib
424	2	2	change	initial		39		5	239005	cob	c	d	m	l	ob	dob	mob	lob
425	2	2	change	final		39		6	239006	cot	t	g	m	b	co	cog	com	cob
426	2	2	change	initial		39		7	239007	hot	h	p	l	j	ot	pot	lot	jot
427	2	2	change	medial		39		8	239008	hat	a	o	u	e	h_t	hot	hut	het
428	2	2	change	initial		39		9	239009	rat	r	d	c	f	at	dat	cat	fat
429	2	2	change	final		39		10	239010	ran	n	d	p	g	ra	rad	rap	rag
430	2	2	unscramble			40		0	240000	top								
431	2	2	change	medial		40		1	240001	tap	a	o	u	e	t_p	top	tup	tep
432	2	2	change	initial		40		2	240002	nap	n	b	k	w	ap	bap	kap	wap
433	2	2	change	final		40		3	240003	nag	g	m	b	t	na	nam	nab	nat
434	2	2	change	initial		40		4	240004	lag	l	p	h	j	ag	pag	hag	jag
435	2	2	change	medial		40		5	240005	leg	e	o	u	i	l_g	log	lug	lig
436	2	2	change	initial		40		6	240006	keg	k	b	n	w	eg	beg	neg	weg
437	2	2	change	initial		40		7	240007	beg	b	k	n	w	eg	keg	neg	weg
438	2	2	change	final		40		8	240008	bet	t	g	m	b	be	beg	bem	beb
439	2	2	change	initial		40		9	240009	pet	p	l	h	j	et	let	het	jet
440	2	2	change	initial		40		10	240010	let	l	p	h	j	et	pet	het	jet
441	4	2	unscramble			1		0	401000	hop								
442	4	2	change	final		1		1	401001	hog	g	m	n	b	ho	hom	hon	hob
443	4	2	change	final		1		2	401002	hot	t	d	m	p	ho	hod	hom	hop
444	4	2	change	initial		1		3	401003	got	g	d	k	j	ot	dot	kot	jot
445	4	2	change	medial		1		4	401004	get	e	a	o	u	g_t	gat	got	gut
446	4	2	change	initial		1		5	401005	wet	w	f	h	s	et	fet	het	set
447	4	2	change	initial		1		6	401006	net	n	m	l	r	et	met	let	ret
448	4	2	change	initial		1		7	401007	let	l	m	n	r	et	met	net	ret
449	4	2	change	final		1		8	401008	led	d	m	p	t	le	lem	lep	let
450	4	2	change	initial		1		9	401009	red	r	m	n	l	ed	med	ned	led
451	4	2	change	initial		1		10	401010	wed	w	f	h	s	ed	fed	hed	sed
452	4	2	unscramble			2		0	402000	ten								
453	4	2	change	medial		2		1	402001	tan	a	o	i	e	t_n	ton	tin	ten
454	4	2	change	final		2		2	402002	tag	g	m	n	b	ta	tam	tan	tab
455	4	2	change	initial		2		3	402003	bag	b	p	c	t	ag	pag	cag	tag
456	4	2	change	medial		2		4	402004	big	i	a	o	e	b_g	bag	bog	beg
457	4	2	change	initial		2		5	402005	pig	p	b	c	t	ig	big	cig	tig
458	4	2	change	initial		2		6	402006	wig	w	f	h	s	ig	fig	hig	sig
459	4	2	change	initial		2		7	402007	fig	f	h	s	w	ig	hig	sig	wig
460	4	2	change	final		2		8	402008	fin	n	m	b	g	fi	fim	fib	fig
461	4	2	change	medial		2		9	402009	fan	a	o	i	e	f_n	fon	fin	fen
462	4	2	change	initial		2		10	402010	pan	p	b	c	t	an	ban	can	tan
463	4	2	unscramble			3		0	403000	lot								
464	4	2	change	initial		3		1	403001	got	g	d	k	j	ot	dot	kot	jot
465	4	2	change	initial		3		2	403002	hot	h	f	s	w	ot	fot	sot	wot
466	4	2	change	final		3		3	403003	hop	p	d	m	t	ho	hod	hom	hot
467	4	2	change	medial		3		4	403004	hip	i	a	o	e	h_p	hap	hop	hep
468	4	2	change	final		3		5	403005	him	m	d	p	t	hi	hid	hip	hit
469	4	2	change	medial		3		6	403006	ham	a	o	i	e	h_m	hom	him	hem
470	4	2	change	initial		3		7	403007	jam	j	s	g	k	am	sam	gam	kam
471	4	2	change	final		3		8	403008	jab	b	m	n	g	ja	jam	jan	jag
472	4	2	change	final		3		9	403009	jag	g	m	n	b	ja	jam	jan	jab
473	4	2	change	medial		3		10	403010	jog	o	a	i	u	j_g	jag	jig	jug
474	4	2	unscramble			4		0	404000	fin								
475	4	2	change	initial		4		1	404001	win	w	f	h	s	in	fin	hin	sin
476	4	2	change	initial		4		2	404002	bin	b	p	c	t	in	pin	cin	tin
477	4	2	change	medial		4		3	404003	bun	u	a	e	o	b_n	ban	ben	bon
478	4	2	change	initial		4		4	404004	pun	p	b	c	t	un	bun	cun	tun
479	4	2	change	medial		4		5	404005	pen	e	a	o	u	p_n	pan	pon	pun
480	4	2	change	initial		4		6	404006	men	m	n	l	r	en	nen	len	ren
481	4	2	change	final		4		7	404007	met	t	d	m	p	me	med	mem	mep
482	4	2	change	initial		4		8	404008	jet	j	d	g	k	et	det	get	ket
483	4	2	change	medial		4		9	404009	jot	o	a	i	u	j_t	jat	jit	jut
484	4	2	change	final		4		10	404010	job	b	m	n	g	jo	jom	jon	jog
485	4	2	unscramble			5		0	405000	pen								
486	4	2	change	medial		5		1	405001	pan	a	o	i	e	p_n	pon	pin	pen
487	4	2	change	medial		5		2	405002	pun	u	a	e	o	p_n	pan	pen	pon
488	4	2	change	medial		5		3	405003	pin	i	a	o	e	p_n	pan	pon	pen
489	4	2	change	final		5		4	405004	pig	g	m	n	b	pi	pim	pin	pib
490	4	2	change	initial		5		5	405005	wig	w	f	h	s	ig	fig	hig	sig
491	4	2	change	initial		5		6	405006	rig	r	m	n	l	ig	mig	nig	lig
492	4	2	change	initial		5		7	405007	fig	f	h	s	w	ig	hig	sig	wig
493	4	2	change	medial		5		8	405008	fog	o	e	i	u	f_g	feg	fig	fug
494	4	2	change	initial		5		9	405009	log	l	m	n	r	og	mog	nog	rog
495	4	2	change	initial		5		10	405010	jog	j	d	g	k	og	dog	gog	kog
496	4	2	unscramble			6		0	406000	hat								
497	4	2	change	final		6		1	406001	had	d	m	p	t	ha	ham	hap	hat
498	4	2	change	medial		6		2	406002	hid	i	a	o	e	h_d	had	hod	hed
499	4	2	change	initial		6		3	406003	did	d	g	k	j	id	gid	kid	jid
500	4	2	change	medial		6		4	406004	dad	a	o	i	e	d_d	dod	did	ded
501	4	2	change	initial		6		5	406005	bad	b	p	c	t	ad	pad	cad	tad
502	4	2	change	medial		6		6	406006	bed	e	a	o	u	b_d	bad	bod	bud
503	4	2	change	final		6		7	406007	bet	t	d	m	p	be	bed	bem	bep
504	4	2	change	medial		6		8	406008	but	u	a	e	o	b_t	bat	bet	bot
505	4	2	change	initial		6		9	406009	gut	g	d	k	j	ut	dut	kut	jut
506	4	2	change	final		6		10	406010	gum	m	d	p	t	gu	gud	gup	gut
507	4	2	unscramble			7		0	407000	bib								
508	4	2	change	final		7		1	407001	big	g	m	n	b	bi	bim	bin	bib
509	4	2	change	initial		7		2	407002	rig	r	m	n	l	ig	mig	nig	lig
510	4	2	change	medial		7		3	407003	rag	a	o	i	e	r_g	rog	rig	reg
511	4	2	change	final		7		4	407004	rat	t	d	m	p	ra	rad	ram	rap
512	4	2	change	initial		7		5	407005	fat	f	h	s	w	at	hat	sat	wat
513	4	2	change	medial		7		6	407006	fit	i	a	o	e	f_t	fat	fot	fet
514	4	2	change	initial		7		7	407007	pit	p	b	c	k	it	bit	cit	kit
515	4	2	change	final		7		8	407008	pig	g	m	n	b	pi	pim	pin	pib
516	4	2	change	medial		7		9	407009	peg	e	a	o	u	p_g	pag	pog	pug
517	4	2	change	initial		7		10	407010	keg	k	d	g	j	eg	deg	geg	jeg
518	4	2	unscramble			8		0	408000	mop								
519	4	2	change	initial		8		1	408001	top	t	b	p	c	op	bop	pop	cop
520	4	2	change	initial		8		2	408002	cop	c	b	p	t	op	bop	pop	top
521	4	2	change	initial		8		3	408003	hop	h	f	s	c	op	fop	sop	cop
522	4	2	change	initial		8		4	408004	pop	p	b	c	t	op	bop	cop	top
523	4	2	change	final		8		5	408005	pot	t	d	m	p	po	pod	pom	pop
524	4	2	change	initial		8		6	408006	got	g	d	k	j	ot	dot	kot	jot
525	4	2	change	initial		8		7	408007	dot	d	g	k	j	ot	got	kot	jot
526	4	2	change	final		8		8	408008	dog	g	m	n	b	do	dom	don	dob
527	4	2	change	medial		8		9	408009	dug	u	a	e	o	d_g	dag	deg	dog
528	4	2	change	initial		8		10	408010	hug	h	f	s	w	ug	fug	sug	wug
529	4	2	unscramble			9		0	409000	nut								
530	4	2	change	medial		9		1	409001	not	o	a	i	u	n_t	nat	nit	nut
531	4	2	change	initial		9		2	409002	rot	r	m	n	l	ot	mot	not	lot
532	4	2	change	medial		9		3	409003	rat	a	o	i	e	r_t	rot	rit	ret
533	4	2	change	final		9		4	409004	ran	n	m	b	g	ra	ram	rab	rag
534	4	2	change	final		9		5	409005	ram	m	d	p	t	ra	rad	rap	rat
535	4	2	change	initial		9		6	409006	jam	j	r	g	k	am	ram	gam	kam
536	4	2	change	initial		9		7	409007	ham	h	f	s	w	am	fam	sam	wam
537	4	2	change	medial		9		8	409008	him	i	a	o	e	h_m	ham	hom	hem
538	4	2	change	initial		9		9	409009	dim	d	g	k	j	im	gim	kim	jim
539	4	2	change	final		9		10	409010	dip	p	d	m	t	di	did	dim	dit
540	4	2	unscramble			10		0	410000	cat								
541	4	2	change	final		10		1	410001	cab	b	m	n	g	ca	cam	can	cag
542	4	2	change	medial		10		2	410002	cub	u	a	e	o	c_b	cab	ceb	cob
543	4	2	change	initial		10		3	410003	tub	t	b	p	c	ub	bub	pub	cub
544	4	2	change	final		10		4	410004	tug	g	m	n	b	tu	tum	tun	tub
545	4	2	change	initial		10		5	410005	hug	h	f	s	w	ug	fug	sug	wug
546	4	2	change	final		10		6	410006	hum	m	d	p	t	hu	hud	hup	hut
547	4	2	change	initial		10		7	410007	sum	s	f	h	w	um	fum	hum	wum
548	4	2	change	final		10		8	410008	sun	n	m	b	g	su	sum	sub	sug
549	4	2	change	final		10		9	410009	sub	b	m	n	g	su	sum	sun	sug
550	4	2	change	initial		10		10	410010	rub	r	m	n	l	ub	mub	nub	lub
551	4	2	unscramble			11		0	411000	jug								
552	4	2	change	medial		11		1	411001	jog	o	a	i	u	j_g	jag	jig	jug
553	4	2	change	medial		11		2	411002	jig	i	a	o	e	j_g	jag	jog	jeg
554	4	2	change	initial		11		3	411003	wig	w	f	h	s	ig	fig	hig	sig
555	4	2	change	medial		11		4	411004	wag	a	o	i	e	w_g	wog	wig	weg
556	4	2	change	initial		11		5	411005	jag	j	d	g	k	ag	dag	gag	kag
557	4	2	change	initial		11		6	411006	nag	n	m	l	r	ag	mag	lag	rag
558	4	2	change	final		11		7	411007	nap	p	d	m	t	na	nad	nam	nat
559	4	2	change	initial		11		8	411008	cap	c	b	p	t	ap	bap	pap	tap
560	4	2	change	initial		11		9	411009	rap	r	m	w	l	ap	map	wap	lap
561	4	2	change	initial		11		10	411010	nap	n	m	l	r	ap	map	lap	rap
562	4	2	unscramble			12		0	412000	rat								
563	4	2	change	initial		12		1	412001	cat	c	b	p	t	at	bat	pat	tat
564	4	2	change	medial		12		2	412002	cot	o	a	i	u	c_t	cat	cit	cut
565	4	2	change	medial		12		3	412003	cut	u	a	e	o	c_t	cat	cet	cot
566	4	2	change	initial		12		4	412004	gut	g	d	k	j	ut	dut	kut	jut
567	4	2	change	final		12		5	412005	gum	m	d	p	t	gu	gud	gup	gut
568	4	2	change	initial		12		6	412006	sum	s	f	h	w	um	fum	hum	wum
569	4	2	change	final		12		7	412007	sub	b	m	n	g	su	sum	sun	sug
570	4	2	change	medial		12		8	412008	sob	o	a	i	u	s_b	sab	sib	sub
571	4	2	change	initial		12		9	412009	job	j	d	g	k	ob	dob	gob	kob
572	4	2	change	medial		12		10	412010	jab	a	o	i	e	j_b	job	jib	jeb
573	4	2	unscramble			13		0	413000	not								
574	4	2	change	initial		13		1	413001	dot	d	g	k	j	ot	got	kot	jot
575	4	2	change	initial		13		2	413002	cot	c	b	p	t	ot	bot	pot	tot
576	4	2	change	medial		13		3	413003	cat	a	o	i	e	c_t	cot	cit	cet
577	4	2	change	initial		13		4	413004	fat	f	h	s	w	at	hat	sat	wat
578	4	2	change	final		13		5	413005	fan	n	m	b	r	fa	fam	fab	far
579	4	2	change	initial		13		6	413006	man	m	n	l	r	an	nan	lan	ran
580	4	2	change	medial		13		7	413007	men	e	a	o	u	m_n	man	mon	mun
581	4	2	change	initial		13		8	413008	den	d	g	k	j	en	gen	ken	jen
582	4	2	change	initial		13		9	413009	hen	h	f	s	w	en	fen	sen	wen
583	4	2	change	final		13		10	413010	hem	m	d	p	t	he	hed	hep	het
584	4	2	unscramble			14		0	414000	hug								
585	4	2	change	initial		14		1	414001	mug	m	n	l	r	ug	nug	lug	rug
586	4	2	change	final		14		2	414002	mud	d	m	p	t	mu	mum	mup	mut
587	4	2	change	medial		14		3	414003	mad	a	o	i	e	m_d	mod	mid	med
588	4	2	change	initial		14		4	414004	had	h	f	s	w	ad	fad	sad	wad
589	4	2	change	medial		14		5	414005	hid	i	a	o	e	h_d	had	hod	hed
590	4	2	change	initial		14		6	414006	kid	k	d	g	j	id	did	gid	jid
591	4	2	change	final		14		7	414007	kit	t	d	m	p	ki	kid	kim	kip
592	4	2	change	initial		14		8	414008	sit	s	f	h	w	it	fit	hit	wit
593	4	2	change	medial		14		9	414009	sat	a	o	i	e	s_t	sot	sit	set
594	4	2	change	initial		14		10	414010	mat	m	n	l	r	at	nat	lat	rat
595	4	2	unscramble			15		0	415000	rug								
596	4	2	change	initial		15		1	415001	jug	j	d	g	k	ug	dug	gug	kug
597	4	2	change	initial		15		2	415002	hug	h	f	s	w	ug	fug	sug	wug
598	4	2	change	final		15		3	415003	hum	m	d	p	t	hu	hud	hup	hut
599	4	2	change	medial		15		4	415004	him	i	a	o	e	h_m	ham	hom	hem
600	4	2	change	initial		15		5	415005	dim	d	g	k	j	im	gim	kim	jim
601	4	2	change	initial		15		6	415006	rim	r	m	n	l	im	mim	nim	lim
602	4	2	change	final		15		7	415007	rip	p	d	m	t	ri	rid	rim	rit
603	4	2	change	initial		15		8	415008	hip	h	f	s	w	ip	fip	sip	wip
604	4	2	change	medial		15		9	415009	hop	o	a	i	u	h_p	hap	hip	hup
605	4	2	change	initial		15		10	415010	cop	c	b	p	t	op	bop	pop	top
606	4	2	unscramble			16		0	416000	him								
607	4	2	change	initial		16		1	416001	rim	r	m	n	l	im	mim	nim	lim
608	4	2	change	medial		16		2	416002	ram	a	o	i	e	r_m	rom	rim	rem
609	4	2	change	initial		16		3	416003	jam	j	s	g	k	am	sam	gam	kam
610	4	2	change	final		16		4	416004	jab	b	m	n	g	ja	jam	jan	jag
611	4	2	change	initial		16		5	416005	tab	t	b	p	c	ab	bab	pab	cab
612	4	2	change	initial		16		6	416006	cab	c	b	p	t	ab	bab	pab	tab
613	4	2	change	medial		16		7	416007	cub	u	a	e	o	c_b	cab	ceb	cob
614	4	2	change	final		16		8	416008	cut	t	d	l	p	cu	cud	cul	cup
615	4	2	change	initial		16		9	416009	but	b	p	c	t	ut	put	cut	tut
616	4	2	change	initial		16		10	416010	nut	n	m	l	r	ut	mut	lut	rut
617	4	2	unscramble			17		0	417000	rag								
618	4	2	change	final		17		1	417001	rat	t	d	m	p	ra	rad	ram	rap
619	4	2	change	final		17		2	417002	ram	m	d	p	t	ra	rad	rap	rat
620	4	2	change	final		17		3	417003	ran	n	m	b	g	ra	ram	rab	rag
621	4	2	change	medial		17		4	417004	run	u	a	e	o	r_n	ran	ren	ron
622	4	2	change	initial		17		5	417005	sun	s	f	h	w	un	fun	hun	wun
623	4	2	change	initial		17		6	417006	fun	f	h	s	w	un	hun	sun	wun
624	4	2	change	medial		17		7	417007	fin	i	a	o	e	f_n	fan	fon	fen
625	4	2	change	initial		17		8	417008	bin	b	p	c	t	in	pin	cin	tin
626	4	2	change	initial		17		9	417009	kin	k	d	g	j	in	din	gin	jin
627	4	2	change	final		17		10	417010	kid	d	m	p	t	ki	kim	kip	kit
628	4	2	unscramble			18		0	418000	wig								
629	4	2	change	initial		18		1	418001	fig	f	h	s	w	ig	hig	sig	wig
630	4	2	change	initial		18		2	418002	big	b	p	c	t	ig	pig	cig	tig
631	4	2	change	medial		18		3	418003	beg	e	a	o	u	b_g	bag	bog	bug
632	4	2	change	final		18		4	418004	bet	t	d	m	p	be	bed	bem	bep
633	4	2	change	final		18		5	418005	bed	d	m	p	t	be	bem	bep	bet
634	4	2	change	medial		18		6	418006	bad	a	o	i	e	b_d	bod	bid	bed
635	4	2	change	initial		18		7	418007	had	h	f	s	w	ad	fad	sad	wad
636	4	2	change	initial		18		8	418008	lad	l	m	n	r	ad	mad	nad	rad
637	4	2	change	initial		18		9	418009	sad	s	f	h	w	ad	fad	had	wad
638	4	2	change	initial		18		10	418010	mad	m	n	l	r	ad	nad	lad	rad
639	4	2	unscramble			19		0	419000	lid								
640	4	2	change	medial		19		1	419001	led	e	a	o	u	l_d	lad	lod	lud
641	4	2	change	medial		19		2	419002	lad	a	o	i	e	l_d	lod	lid	led
642	4	2	change	initial		19		3	419003	fad	f	h	s	w	ad	had	sad	wad
643	4	2	change	final		19		4	419004	fan	n	m	b	h	fa	fam	fab	fah
644	4	2	change	initial		19		5	419005	tan	t	b	p	c	an	ban	pan	can
645	4	2	change	final		19		6	419006	tap	p	d	m	t	ta	tad	tam	tat
646	4	2	change	final		19		7	419007	tab	b	m	n	g	ta	tam	tan	tag
647	4	2	change	initial		19		8	419008	lab	l	m	n	r	ab	mab	nab	rab
648	4	2	change	initial		19		9	419009	cab	c	b	p	t	ab	bab	pab	tab
649	4	2	change	medial		19		10	419010	cub	u	a	e	o	c_b	cab	ceb	cob
650	4	2	unscramble			20		0	420000	web								
651	4	2	change	final		20		1	420001	wed	d	m	p	t	we	wem	wep	wet
652	4	2	change	final		20		2	420002	wet	t	d	m	p	we	wed	wem	wep
653	4	2	change	medial		20		3	420003	wit	i	a	o	e	w_t	wat	wot	wet
654	4	2	change	final		20		4	420004	win	n	m	b	g	wi	wim	wib	wig
655	4	2	change	initial		20		5	420005	kin	k	d	g	j	in	din	gin	jin
656	4	2	change	final		20		6	420006	kid	d	m	p	t	ki	kim	kip	kit
657	4	2	change	final		20		7	420007	kit	t	d	m	p	ki	kid	kim	kip
658	4	2	change	initial		20		8	420008	wit	w	f	h	s	it	fit	hit	sit
659	4	2	change	initial		20		9	420009	hit	h	f	s	w	it	fit	sit	wit
660	4	2	change	final		20		10	420010	him	m	d	p	t	hi	hid	hip	hit
661	4	2	unscramble			21		0	421000	fun								
662	4	2	change	medial		21		1	421001	fin	i	a	o	e	f_n	fan	fon	fen
663	4	2	change	medial		21		2	421002	fan	a	o	i	e	f_n	fon	fin	fen
664	4	2	change	initial		21		3	421003	man	m	n	l	r	an	nan	lan	ran
665	4	2	change	final		21		4	421004	mad	d	m	p	t	ma	mam	map	mat
666	4	2	change	medial		21		5	421005	mud	u	a	e	o	m_d	mad	med	mod
667	4	2	change	initial		21		6	421006	bud	b	p	c	t	ud	pud	cud	tud
668	4	2	change	medial		21		7	421007	bed	e	a	o	u	b_d	bad	bod	bud
669	4	2	change	initial		21		8	421008	wed	w	f	h	s	ed	fed	hed	sed
670	4	2	change	initial		21		9	421009	led	l	m	n	r	ed	med	ned	red
671	4	2	change	initial		21		10	421010	fed	f	h	s	w	ed	hed	sed	wed
672	4	2	unscramble			22		0	422000	jot								
673	4	2	change	final		22		1	422001	job	b	m	n	g	jo	jom	jon	jog
674	4	2	change	initial		22		2	422002	sob	s	t	h	w	ob	tob	hob	wob
675	4	2	change	medial		22		3	422003	sub	u	a	e	o	s_b	sab	seb	sob
676	4	2	change	initial		22		4	422004	tub	t	b	p	c	ub	bub	pub	cub
677	4	2	change	final		22		5	422005	tug	g	m	n	b	tu	tum	tun	tub
678	4	2	change	medial		22		6	422006	tag	a	o	i	e	t_g	tog	tig	teg
679	4	2	change	final		22		7	422007	tab	b	m	n	g	ta	tam	tan	tag
680	4	2	change	final		22		8	422008	tap	p	d	m	t	ta	tad	tam	tat
681	4	2	change	final		22		9	422009	tan	n	m	b	g	ta	tam	tab	tag
682	4	2	change	initial		22		10	422010	ban	b	p	c	t	an	pan	can	tan
683	4	2	unscramble			23		0	423000	jag								
684	4	2	change	medial		23		1	423001	jog	o	a	i	u	j_g	jag	jig	jug
685	4	2	change	final		23		2	423002	job	b	m	n	g	jo	jom	jon	jog
686	4	2	change	final		23		3	423003	jot	t	d	m	p	jo	jod	jom	jop
687	4	2	change	initial		23		4	423004	rot	r	m	n	l	ot	mot	not	lot
688	4	2	change	initial		23		5	423005	not	n	m	l	r	ot	mot	lot	rot
689	4	2	change	medial		23		6	423006	net	e	a	o	u	n_t	nat	not	nut
690	4	2	change	medial		23		7	423007	nut	u	a	e	o	n_t	nat	net	not
691	4	2	change	initial		23		8	423008	gut	g	d	k	j	ut	dut	kut	jut
692	4	2	change	initial		23		9	423009	but	b	p	c	t	ut	put	cut	tut
693	4	2	change	final		23		10	423010	bun	n	r	b	g	bu	bur	bub	bug
694	4	2	unscramble			24		0	424000	set								
695	4	2	change	initial		24		1	424001	get	g	d	k	j	et	det	ket	jet
696	4	2	change	initial		24		2	424002	pet	p	b	c	t	et	bet	cet	tet
697	4	2	change	final		24		3	424003	pen	n	m	b	g	pe	pem	peb	peg
698	4	2	change	medial		24		4	424004	pin	i	a	o	e	p_n	pan	pon	pen
699	4	2	change	initial		24		5	424005	win	w	f	h	s	in	fin	hin	sin
700	4	2	change	initial		24		6	424006	kin	k	d	g	j	in	din	gin	jin
701	4	2	change	final		24		7	424007	kid	d	m	p	t	ki	kim	kip	kit
702	4	2	change	initial		24		8	424008	lid	l	m	n	r	id	mid	nid	rid
703	4	2	change	initial		24		9	424009	did	d	g	k	j	id	gid	kid	jid
704	4	2	change	medial		24		10	424010	dad	a	o	i	e	d_d	dod	did	ded
705	4	2	unscramble			25		0	425000	cot								
706	4	2	change	initial		25		1	425001	dot	d	g	k	j	ot	got	kot	jot
707	4	2	change	initial		25		2	425002	pot	p	b	c	t	ot	bot	cot	tot
708	4	2	change	initial		25		3	425003	jot	j	d	g	k	ot	dot	got	kot
709	4	2	change	initial		25		4	425004	dot	d	g	k	j	ot	got	kot	jot
710	4	2	change	initial		25		5	425005	got	g	d	k	j	ot	dot	kot	jot
711	4	2	change	medial		25		6	425006	get	e	a	o	u	g_t	gat	got	gut
712	4	2	change	medial		25		7	425007	gut	u	a	e	o	g_t	gat	get	got
713	4	2	change	initial		25		8	425008	cut	c	b	p	t	ut	but	put	tut
714	4	2	change	final		25		9	425009	cup	p	d	b	t	cu	cud	cub	cut
715	4	2	change	final		25		10	425010	cub	b	p	n	g	cu	cup	cun	cug
716	4	2	unscramble			26		0	426000	red								
717	4	2	change	initial		26		1	426001	fed	f	h	s	w	ed	hed	sed	wed
718	4	2	change	medial		26		2	426002	fad	a	o	i	e	f_d	fod	fid	fed
719	4	2	change	initial		26		3	426003	had	h	f	s	w	ad	fad	sad	wad
720	4	2	change	initial		26		4	426004	dad	d	g	k	j	ad	gad	kad	jad
721	4	2	change	initial		26		5	426005	bad	b	p	c	t	ad	pad	cad	tad
722	4	2	change	initial		26		6	426006	sad	s	f	h	w	ad	fad	had	wad
723	4	2	change	final		26		7	426007	sat	t	d	m	p	sa	sad	sam	sap
724	4	2	change	medial		26		8	426008	sit	i	a	o	e	s_t	sat	sot	set
725	4	2	change	final		26		9	426009	sip	p	d	m	t	si	sid	sim	sit
726	4	2	change	initial		26		10	426010	lip	l	m	h	r	ip	mip	hip	rip
727	4	2	unscramble			27		0	427000	tap								
728	4	2	change	initial		27		1	427001	nap	n	m	l	r	ap	map	lap	rap
729	4	2	change	initial		27		2	427002	cap	c	b	p	t	ap	bap	pap	tap
730	4	2	change	medial		27		3	427003	cop	o	a	i	u	c_p	cap	cip	cup
731	4	2	change	initial		27		4	427004	mop	m	n	l	r	op	nop	lop	rop
732	4	2	change	final		27		5	427005	mom	m	d	p	t	mo	mod	mop	mot
733	4	2	change	medial		27		6	427006	mum	u	a	e	o	m_m	mam	mem	mom
734	4	2	change	initial		27		7	427007	gum	g	h	k	j	um	hum	kum	jum
735	4	2	change	initial		27		8	427008	sum	s	f	h	w	um	fum	hum	wum
736	4	2	change	initial		27		9	427009	hum	h	f	s	w	um	fum	sum	wum
737	4	2	change	final		27		10	427010	hug	g	m	n	b	hu	hum	hun	hub
738	4	2	unscramble			28		0	428000	tip								
739	4	2	change	initial		28		1	428001	sip	s	f	h	w	ip	fip	hip	wip
740	4	2	change	final		28		2	428002	sit	t	d	m	p	si	sid	sim	sip
741	4	2	change	initial		28		3	428003	kit	k	d	g	j	it	dit	git	jit
742	4	2	change	initial		28		4	428004	pit	p	b	c	d	it	bit	cit	dit
743	4	2	change	initial		28		5	428005	wit	w	f	h	s	it	fit	hit	sit
744	4	2	change	medial		28		6	428006	wet	e	a	o	u	w_t	wat	wot	wut
745	4	2	change	initial		28		7	428007	net	n	m	l	r	et	met	let	ret
746	4	2	change	initial		28		8	428008	met	m	n	l	r	et	net	let	ret
747	4	2	change	final		28		9	428009	men	n	m	b	g	me	mem	meb	meg
748	4	2	change	medial		28		10	428010	man	a	o	i	e	m_n	mon	min	men
749	4	2	unscramble			29		0	429000	bin								
750	4	2	change	final		29		1	429001	bid	d	m	p	t	bi	bim	bip	bit
751	4	2	change	final		29		2	429002	bib	b	m	n	g	bi	bim	bin	big
752	4	2	change	final		29		3	429003	bit	t	d	m	p	bi	bid	bim	bip
753	4	2	change	initial		29		4	429004	kit	k	d	g	j	it	dit	git	jit
754	4	2	change	final		29		5	429005	kid	d	m	p	t	ki	kim	kip	kit
755	4	2	change	final		29		6	429006	kin	n	m	b	g	ki	kim	kib	kig
756	4	2	change	initial		29		7	429007	win	w	f	h	s	in	fin	hin	sin
757	4	2	change	initial		29		8	429008	tin	t	b	p	c	in	bin	pin	cin
758	4	2	change	medial		29		9	429009	ten	e	a	o	u	t_n	tan	ton	tun
759	4	2	change	initial		29		10	429010	pen	p	b	c	t	en	ben	cen	ten
760	4	2	unscramble			30		0	430000	bat								
761	4	2	change	initial		30		1	430001	fat	f	h	s	w	at	hat	sat	wat
762	4	2	change	final		30		2	430002	fan	n	m	b	r	fa	fam	fab	far
763	4	2	change	initial		30		3	430003	can	c	b	p	t	an	ban	pan	tan
764	4	2	change	initial		30		4	430004	tan	t	b	p	c	an	ban	pan	can
765	4	2	change	final		30		5	430005	tap	p	d	m	t	ta	tad	tam	tat
766	4	2	change	medial		30		6	430006	top	o	a	i	u	t_p	tap	tip	tup
767	4	2	change	initial		30		7	430007	cop	c	b	p	t	op	bop	pop	top
768	4	2	change	initial		30		8	430008	pop	p	b	c	t	op	bop	cop	top
769	4	2	change	initial		30		9	430009	mop	m	n	l	r	op	nop	lop	rop
770	4	2	change	medial		30		10	430010	map	a	o	i	e	m_p	mop	mip	mep
771	4	2	unscramble			31		0	431000	did								
772	4	2	change	initial		31		1	431001	kid	k	d	g	j	id	did	gid	jid
773	4	2	change	initial		31		2	431002	lid	l	m	n	r	id	mid	nid	rid
774	4	2	change	final		31		3	431003	lip	p	d	m	t	li	lid	lim	lit
775	4	2	change	initial		31		4	431004	sip	s	f	h	w	ip	fip	hip	wip
776	4	2	change	initial		31		5	431005	dip	d	g	k	j	ip	gip	kip	jip
777	4	2	change	initial		31		6	431006	tip	t	b	p	c	ip	bip	pip	cip
778	4	2	change	medial		31		7	431007	tap	a	o	i	u	t_p	top	tip	tup
779	4	2	change	initial		31		8	431008	nap	n	m	l	r	ap	map	lap	rap
780	4	2	change	initial		31		9	431009	cap	c	d	g	t	ap	dap	gap	tap
781	4	2	change	medial		31		10	431010	cop	o	a	i	u	c_p	cap	cip	cup
782	4	2	unscramble			32		0	432000	hit								
783	4	2	change	initial		32		1	432001	sit	s	f	h	w	it	fit	hit	wit
784	4	2	change	initial		32		2	432002	fit	f	h	s	w	it	hit	sit	wit
785	4	2	change	initial		32		3	432003	lit	l	m	n	r	it	mit	nit	rit
786	4	2	change	medial		32		4	432004	let	e	a	o	u	l_t	lat	lot	lut
787	4	2	change	initial		32		5	432005	net	n	m	l	r	et	met	let	ret
788	4	2	change	initial		32		6	432006	met	m	n	l	r	et	net	let	ret
789	4	2	change	final		32		7	432007	men	n	m	b	g	me	mem	meb	meg
790	4	2	change	initial		32		8	432008	ten	t	b	p	c	en	ben	pen	cen
791	4	2	change	medial		32		9	432009	tin	i	a	o	e	t_n	tan	ton	ten
792	4	2	change	final		32		10	432010	tip	p	d	m	b	ti	tid	tim	tib
793	4	2	unscramble			33		0	433000	top								
794	4	2	change	initial		33		1	433001	pop	p	b	c	t	op	bop	cop	top
795	4	2	change	initial		33		2	433002	cop	c	b	p	t	op	bop	pop	top
796	4	2	change	final		33		3	433003	cob	b	m	n	g	co	com	con	cog
797	4	2	change	initial		33		4	433004	sob	s	j	h	w	ob	job	hob	wob
798	4	2	change	initial		33		5	433005	job	j	d	g	k	ob	dob	gob	kob
799	4	2	change	medial		33		6	433006	jab	a	o	i	e	j_b	job	jib	jeb
800	4	2	change	final		33		7	433007	jag	g	m	n	b	ja	jam	jan	jab
801	4	2	change	initial		33		8	433008	rag	r	m	n	l	ag	mag	nag	lag
802	4	2	change	medial		33		9	433009	rug	u	a	e	o	r_g	rag	reg	rog
803	4	2	change	initial		33		10	433010	jug	j	d	g	k	ug	dug	gug	kug
804	4	2	unscramble			34		0	434000	wit								
805	4	2	change	final		34		1	434001	win	n	m	b	g	wi	wim	wib	wig
806	4	2	change	initial		34		2	434002	fin	f	h	s	w	in	hin	sin	win
807	4	2	change	initial		34		3	434003	tin	t	b	p	c	in	bin	pin	cin
808	4	2	change	initial		34		4	434004	bin	b	p	c	t	in	pin	cin	tin
809	4	2	change	initial		34		5	434005	kin	k	d	g	j	in	din	gin	jin
810	4	2	change	initial		34		6	434006	pin	p	b	c	t	in	bin	cin	tin
811	4	2	change	medial		34		7	434007	pun	u	a	e	o	p_n	pan	pen	pon
812	4	2	change	medial		34		8	434008	pan	a	o	i	e	p_n	pon	pin	pen
813	4	2	change	final		34		9	434009	pat	t	d	m	p	pa	pad	pam	pap
814	4	2	change	initial		34		10	434010	rat	r	m	n	l	at	mat	nat	lat
815	4	2	unscramble			35		0	435000	lab								
816	4	2	change	initial		35		1	435001	gab	g	d	k	j	ab	dab	kab	jab
817	4	2	change	initial		35		2	435002	nab	n	m	l	r	ab	mab	lab	rab
818	4	2	change	final		35		3	435003	nap	p	d	m	t	na	nad	nam	nat
819	4	2	change	initial		35		4	435004	gap	g	d	k	z	ap	dap	kap	zap
820	4	2	change	initial		35		5	435005	rap	r	m	n	l	ap	map	nap	lap
821	4	2	change	final		35		6	435006	ran	n	m	b	g	ra	ram	rab	rag
822	4	2	change	initial		35		7	435007	man	m	n	l	r	an	nan	lan	ran
823	4	2	change	medial		35		8	435008	men	e	a	o	u	m_n	man	mon	mun
824	4	2	change	initial		35		9	435009	ten	t	b	p	c	en	ben	pen	cen
825	4	2	change	initial		35		10	435010	den	d	g	k	j	en	gen	ken	jen
826	4	2	unscramble			36		0	436000	hat								
827	4	2	change	initial		36		1	436001	rat	r	m	n	l	at	mat	nat	lat
828	4	2	change	initial		36		2	436002	mat	m	n	l	r	at	nat	lat	rat
829	4	2	change	final		36		3	436003	mad	d	m	p	t	ma	mam	map	mat
830	4	2	change	initial		36		4	436004	dad	d	g	k	j	ad	gad	kad	jad
831	4	2	change	initial		36		5	436005	lad	l	m	n	r	ad	mad	nad	rad
832	4	2	change	medial		36		6	436006	lid	i	a	o	e	l_d	lad	lod	led
833	4	2	change	initial		36		7	436007	bid	b	p	c	t	id	pid	cid	tid
834	4	2	change	medial		36		8	436008	bed	e	a	o	u	b_d	bad	bod	bud
835	4	2	change	initial		36		9	436009	wed	w	f	h	s	ed	fed	hed	sed
836	4	2	change	final		36		10	436010	web	b	m	n	g	we	wem	wen	weg
837	4	2	unscramble			37		0	437000	ram								
838	4	2	change	initial		37		1	437001	jam	j	b	g	k	am	bam	gam	kam
839	4	2	change	final		37		2	437002	jab	b	m	n	g	ja	jam	jan	jag
840	4	2	change	initial		37		3	437003	tab	t	b	p	c	ab	bab	pab	cab
841	4	2	change	final		37		4	437004	tap	p	d	m	t	ta	tad	tam	tat
842	4	2	change	medial		37		5	437005	top	o	a	i	u	t_p	tap	tip	tup
843	4	2	change	initial		37		6	437006	mop	m	n	l	r	op	nop	lop	rop
844	4	2	change	medial		37		7	437007	map	a	o	i	e	m_p	mop	mip	mep
845	4	2	change	initial		37		8	437008	gap	g	d	k	r	ap	dap	kap	rap
846	4	2	change	initial		37		9	437009	lap	l	m	n	r	ap	map	nap	rap
847	4	2	change	medial		37		10	437010	lip	i	a	o	e	l_p	lap	lop	lep
848	4	2	unscramble			38		0	438000	wit								
849	4	2	change	initial		38		1	438001	kit	k	d	g	j	it	dit	git	jit
850	4	2	change	final		38		2	438002	kid	d	m	p	t	ki	kim	kip	kit
851	4	2	change	initial		38		3	438003	did	d	g	k	j	id	gid	kid	jid
852	4	2	change	final		38		4	438004	dip	p	d	m	t	di	did	dim	dit
853	4	2	change	final		38		5	438005	dim	m	d	p	t	di	did	dip	dit
854	4	2	change	initial		38		6	438006	him	h	f	s	w	im	fim	sim	wim
855	4	2	change	medial		38		7	438007	hum	u	a	e	o	h_m	ham	hem	hom
856	4	2	change	initial		38		8	438008	gum	g	r	k	j	um	rum	kum	jum
857	4	2	change	initial		38		9	438009	sum	s	f	h	w	um	fum	hum	wum
858	4	2	change	final		38		10	438010	sun	n	m	b	g	su	sum	sub	sug
859	4	2	unscramble			39		0	439000	rag								
860	4	2	change	final		39		1	439001	ram	m	d	p	t	ra	rad	rap	rat
861	4	2	change	initial		39		2	439002	jam	j	s	g	k	am	sam	gam	kam
862	4	2	change	final		39		3	439003	jab	b	m	n	g	ja	jam	jan	jag
863	4	2	change	medial		39		4	439004	job	o	a	i	u	j_b	jab	jib	jub
864	4	2	change	initial		39		5	439005	cob	c	b	p	t	ob	bob	pob	tob
865	4	2	change	final		39		6	439006	cot	t	d	m	p	co	cod	com	cop
866	4	2	change	initial		39		7	439007	hot	h	f	r	w	ot	fot	rot	wot
867	4	2	change	medial		39		8	439008	hat	a	o	u	e	h_t	hot	hut	het
868	4	2	change	initial		39		9	439009	rat	r	m	n	l	at	mat	nat	lat
869	4	2	change	final		39		10	439010	ran	n	m	b	g	ra	ram	rab	rag
870	4	2	unscramble			40		0	440000	top								
871	4	2	change	medial		40		1	440001	tap	a	o	u	e	t_p	top	tup	tep
872	4	2	change	initial		40		2	440002	nap	n	m	l	r	ap	map	lap	rap
873	4	2	change	final		40		3	440003	nag	g	m	n	b	na	nam	nan	nab
874	4	2	change	initial		40		4	440004	lag	l	m	n	r	ag	mag	nag	rag
875	4	2	change	medial		40		5	440005	leg	e	a	o	u	l_g	lag	log	lug
876	4	2	change	initial		40		6	440006	keg	k	d	g	j	eg	deg	geg	jeg
877	4	2	change	initial		40		7	440007	beg	b	p	c	t	eg	peg	ceg	teg
878	4	2	change	final		40		8	440008	bet	t	d	m	p	be	bed	bem	bep
879	4	2	change	initial		40		9	440009	pet	p	b	c	t	et	bet	cet	tet
880	4	2	change	initial		40		10	440010	let	l	m	n	r	et	met	net	ret